date,気温,降水量,風速,現地気圧,相対湿度,蒸気圧,天気,雲量
2020-01-24,11.066666666666668,0.0,1.0666666666666667,1018.8000000000001,74.33333333333333,9.755555555555555,3.0,10.0
2020-01-25,8.077777777777776,0.0,2.088888888888889,1025.111111111111,39.55555555555556,4.2666666666666675,3.0,10.0
2020-01-26,4.699999999999999,0.2777777777777778,1.0888888888888888,1023.5,85.44444444444444,7.244444444444444,3.3333333333333335,10.0
2020-01-27,5.644444444444444,0.0,2.0444444444444443,1023.8555555555558,65.88888888888889,5.98888888888889,3.0,10.0
2020-01-28,4.144444444444444,1.5,4.155555555555556,1015.7888888888889,97.55555555555556,8.033333333333333,4.0,10.0
2020-01-29,14.200000000000001,0.0,1.9777777777777779,998.5777777777779,76.22222222222223,12.055555555555555,1.3333333333333333,4.333333333333333
2020-01-30,13.466666666666665,0.0,1.8666666666666667,994.988888888889,58.666666666666664,8.733333333333334,0.0,0.6666666666666666
2020-01-31,9.688888888888888,0.0,5.91111111111111,1000.2777777777778,37.111111111111114,4.377777777777777,0.6666666666666666,4.0
2020-02-01,9.944444444444445,0.0,3.866666666666667,1011.1444444444446,33.888888888888886,4.099999999999999,0.0,0.0
2020-02-02,10.366666666666667,0.0,3.511111111111111,1018.4333333333335,31.0,3.8999999999999995,0.3333333333333333,2.6666666666666665
2020-02-03,10.266666666666667,0.0,2.7222222222222223,1014.4777777777779,48.22222222222222,5.999999999999999,1.3333333333333333,6.333333333333333
2020-02-04,8.8,0.0,2.411111111111111,1018.0777777777779,41.77777777777778,4.7,2.3333333333333335,9.333333333333334
2020-02-05,10.7,0.0,2.1,1007.1555555555556,42.333333333333336,5.011111111111112,0.6666666666666666,2.6666666666666665
2020-02-06,4.511111111111111,0.0,5.444444444444445,1018.5666666666667,27.22222222222222,2.2666666666666666,0.0,0.3333333333333333
2020-02-07,3.211111111111111,0.0,1.6111111111111112,1024.6444444444444,37.55555555555556,2.8555555555555556,2.0,9.666666666666666
2020-02-08,8.044444444444444,0.0,2.1888888888888887,1009.9444444444445,41.111111111111114,4.377777777777777,0.3333333333333333,0.6666666666666666
2020-02-09,5.155555555555555,0.0,4.955555555555557,1013.5888888888888,31.88888888888889,2.755555555555555,0.0,0.0
2020-02-10,5.755555555555556,0.0,2.033333333333333,1011.2888888888889,41.44444444444444,3.8000000000000003,1.3333333333333333,4.666666666666667
2020-02-11,8.066666666666668,0.0,2.9555555555555557,1022.7333333333333,39.55555555555556,4.088888888888889,0.0,0.0
2020-02-12,9.111111111111112,0.0,1.5,1023.2555555555555,46.22222222222222,5.4444444444444455,1.6666666666666667,7.333333333333333
2020-02-13,12.066666666666666,0.0,1.822222222222222,1010.7444444444445,47.77777777777778,6.744444444444444,1.6666666666666667,5.333333333333333
2020-02-14,13.388888888888888,0.0,1.8777777777777775,1016.3444444444444,64.77777777777777,9.877777777777776,2.3333333333333335,10.0
2020-02-15,13.88888888888889,0.0,1.5,1018.3444444444444,51.77777777777778,8.055555555555555,2.3333333333333335,10.0
2020-02-16,9.077777777777778,0.5555555555555556,1.6333333333333333,1007.4444444444445,92.33333333333333,10.655555555555555,3.6666666666666665,10.0
2020-02-17,12.000000000000002,0.0,2.022222222222222,997.4222222222223,84.66666666666667,11.722222222222221,1.6666666666666667,7.333333333333333
2020-02-18,9.222222222222221,0.0,2.7444444444444445,1007.0555555555555,37.333333333333336,4.133333333333334,0.3333333333333333,2.6666666666666665
2020-02-19,10.033333333333335,0.0,2.855555555555555,1021.7444444444445,36.22222222222222,4.433333333333334,1.0,6.0
2020-02-20,10.088888888888889,0.0,1.6111111111111114,1025.2222222222224,48.77777777777778,6.0777777777777775,2.0,9.333333333333334
2020-02-21,10.733333333333333,0.0,2.577777777777778,1031.8111111111111,51.55555555555556,6.555555555555555,0.3333333333333333,1.0
2020-02-22,13.644444444444442,0.0,5.677777777777778,1018.1333333333332,66.22222222222223,10.011111111111111,2.0,9.0
2020-02-23,12.844444444444443,0.0,3.255555555555555,1011.4333333333333,31.333333333333332,4.477777777777778,0.3333333333333333,0.6666666666666666
2020-02-24,11.777777777777779,0.0,2.5666666666666664,1018.9000000000001,39.44444444444444,5.511111111111111,0.3333333333333333,1.6666666666666667
2020-02-25,11.733333333333333,0.0,1.9111111111111114,1017.4888888888888,48.22222222222222,6.566666666666666,2.3333333333333335,10.0
2020-02-26,7.8999999999999995,0.05555555555555555,2.1333333333333337,1011.5888888888888,90.44444444444444,9.622222222222224,3.0,10.0
2020-02-27,9.0,0.0,5.0,1013.9666666666667,42.55555555555556,4.7666666666666675,0.3333333333333333,1.3333333333333333
2020-02-28,7.933333333333334,0.0,2.3222222222222224,1020.1777777777776,41.111111111111114,4.266666666666667,1.0,5.0
2020-02-29,10.144444444444444,0.0,1.9666666666666666,1015.7333333333333,53.666666666666664,6.688888888888889,1.6666666666666667,7.0
2020-03-01,13.622222222222222,0.0,2.022222222222222,1012.4444444444445,53.666666666666664,7.999999999999998,1.3333333333333333,6.333333333333333
2020-03-02,6.555555555555555,0.7777777777777778,3.022222222222222,1013.6666666666666,96.77777777777777,9.41111111111111,4.0,10.0
2020-03-03,13.488888888888887,0.0,3.6999999999999997,1017.1222222222223,41.666666666666664,6.255555555555556,1.0,6.666666666666667
2020-03-04,8.744444444444444,0.16666666666666666,2.2333333333333334,1017.8666666666668,87.0,9.81111111111111,3.3333333333333335,10.0
2020-03-05,10.91111111111111,0.0,5.666666666666668,1001.3444444444444,49.55555555555556,6.088888888888889,0.6666666666666666,5.0
2020-03-06,11.6,0.0,4.111111111111111,1013.9555555555556,29.666666666666668,4.044444444444444,0.0,0.0
2020-03-07,7.7222222222222205,0.0,2.2666666666666666,1021.1555555555556,65.33333333333333,6.888888888888889,3.3333333333333335,10.0
2020-03-08,6.855555555555556,0.5,2.0222222222222226,1016.0999999999999,94.77777777777777,9.399999999999999,4.0,10.0
2020-03-09,14.033333333333331,0.0,3.0777777777777775,1014.2555555555555,72.55555555555556,11.68888888888889,2.3333333333333335,7.666666666666667
2020-03-10,14.444444444444445,0.8333333333333334,1.5222222222222224,1002.6444444444444,98.11111111111111,16.177777777777777,4.0,10.0
2020-03-11,17.622222222222224,0.0,3.522222222222222,996.4888888888888,45.55555555555556,9.0,1.3333333333333333,2.6666666666666665
2020-03-12,12.722222222222221,0.0,3.322222222222222,1017.4888888888888,33.333333333333336,4.855555555555556,0.3333333333333333,2.3333333333333335
2020-03-13,14.133333333333333,0.0,2.6222222222222222,1013.2333333333331,56.333333333333336,8.822222222222221,2.0,10.0
2020-03-14,5.522222222222221,2.111111111111111,3.788888888888889,1007.2111111111111,89.22222222222223,8.044444444444444,4.666666666666667,10.0
2020-03-15,8.344444444444443,0.0,2.7333333333333334,1003.6777777777778,52.111111111111114,5.644444444444444,0.6666666666666666,3.3333333333333335
2020-03-16,10.033333333333331,0.0,5.966666666666667,1000.7777777777779,48.666666666666664,5.777777777777779,1.6666666666666667,5.666666666666667
2020-03-17,8.177777777777777,0.0,2.7666666666666666,1014.2222222222222,39.77777777777778,4.4,1.6666666666666667,6.333333333333333
2020-03-18,14.544444444444444,0.0,2.5888888888888886,1009.8888888888889,41.888888888888886,6.777777777777779,0.0,0.0
2020-03-19,15.988888888888887,0.0,3.266666666666667,1009.0222222222221,49.55555555555556,9.044444444444444,0.0,0.0
2020-03-20,16.177777777777774,0.0,4.033333333333333,998.2666666666669,32.333333333333336,5.788888888888889,0.3333333333333333,0.6666666666666666
2020-03-21,15.700000000000001,0.0,3.6999999999999997,1008.188888888889,38.888888888888886,7.044444444444444,0.6666666666666666,1.6666666666666667
2020-03-22,19.466666666666665,0.0,5.333333333333332,1002.8222222222224,40.666666666666664,9.066666666666666,1.3333333333333333,6.666666666666667
2020-03-23,10.11111111111111,0.0,2.8555555555555556,1007.5888888888888,58.77777777777778,7.21111111111111,3.6666666666666665,10.0
2020-03-24,9.755555555555555,0.0,6.6000000000000005,1011.3777777777777,37.111111111111114,4.388888888888889,0.0,0.0
2020-03-25,11.8,0.0,2.877777777777778,1018.0888888888888,31.333333333333332,4.199999999999999,0.0,0.0
2020-03-26,15.0,0.0,2.0444444444444443,1018.3444444444444,38.111111111111114,6.477777777777778,0.3333333333333333,1.0
2020-03-27,17.522222222222226,0.0,4.7444444444444445,1013.0555555555555,58.77777777777778,11.9,3.0,10.0
2020-03-28,18.744444444444444,0.05555555555555555,2.6333333333333333,1007.1666666666666,71.88888888888889,15.277777777777779,3.0,10.0
2020-03-29,1.7777777777777777,3.111111111111111,3.211111111111111,1016.8444444444444,97.66666666666667,6.788888888888888,5.0,10.0
2020-03-30,8.311111111111112,0.0,2.3,1020.5333333333334,67.22222222222223,7.355555555555554,2.6666666666666665,10.0
2020-03-31,10.1,0.0,1.822222222222222,1020.3444444444444,74.44444444444444,9.177777777777777,3.3333333333333335,10.0
2020-04-01,11.622222222222222,0.9444444444444444,2.4000000000000004,1008.0222222222224,98.0,13.422222222222222,4.0,10.0
2020-04-02,16.81111111111111,0.0,7.566666666666666,1002.6777777777778,35.666666666666664,6.755555555555556,0.6666666666666666,2.0
2020-04-03,14.244444444444444,0.0,2.9777777777777783,1017.9555555555556,37.44444444444444,6.077777777777778,1.0,5.333333333333333
2020-04-04,17.67777777777778,0.0,3.4444444444444446,1011.3222222222222,51.22222222222222,10.088888888888887,0.0,0.0
2020-04-05,11.422222222222222,0.0,3.4777777777777774,1007.9777777777776,69.77777777777777,9.377777777777778,3.0,10.0
2020-04-06,14.244444444444447,0.0,2.777777777777778,1011.2111111111111,36.888888888888886,5.9444444444444455,0.3333333333333333,1.6666666666666667
2020-04-07,14.066666666666668,0.0,2.577777777777778,1010.6111111111111,38.888888888888886,6.355555555555556,2.6666666666666665,10.0
2020-04-08,16.066666666666666,0.0,2.6888888888888887,1009.8666666666668,52.111111111111114,9.333333333333334,0.3333333333333333,3.0
2020-04-09,16.4,0.0,3.2999999999999994,1012.5,43.0,7.922222222222222,1.3333333333333333,4.0
2020-04-10,13.866666666666667,0.0,4.433333333333334,1013.7555555555557,41.888888888888886,6.233333333333334,1.3333333333333333,5.333333333333333
2020-04-11,13.288888888888888,0.0,3.155555555555556,1015.4666666666667,36.0,5.51111111111111,0.6666666666666666,3.3333333333333335
2020-04-12,10.833333333333334,0.0,2.1444444444444444,1012.0333333333333,77.66666666666667,9.977777777777778,3.3333333333333335,10.0
2020-04-13,9.066666666666668,6.166666666666667,3.4999999999999996,989.9777777777776,98.44444444444444,11.366666666666667,4.0,10.0
2020-04-14,13.366666666666667,0.0,6.622222222222222,1001.8000000000001,41.55555555555556,6.222222222222222,0.0,0.3333333333333333
2020-04-15,16.28888888888889,0.0,3.033333333333333,1009.7111111111112,41.666666666666664,7.877777777777778,1.6666666666666667,8.666666666666666
2020-04-16,13.366666666666667,0.0,4.011111111111111,1013.6999999999999,63.22222222222222,9.655555555555555,2.3333333333333335,10.0
2020-04-17,13.11111111111111,0.0,2.7222222222222223,1022.1666666666666,53.22222222222222,8.044444444444444,2.3333333333333335,9.333333333333334
2020-04-18,14.377777777777775,8.5,5.188888888888889,1006.0444444444444,96.77777777777777,15.899999999999999,4.0,10.0
2020-04-19,19.166666666666668,0.0,4.2555555555555555,1008.6666666666666,44.22222222222222,9.6,0.0,0.3333333333333333
2020-04-20,9.377777777777778,1.3888888888888888,2.1111111111111107,1010.0222222222224,96.66666666666667,11.388888888888888,4.0,10.0
2020-04-21,15.766666666666667,0.0,1.7333333333333334,1004.911111111111,76.66666666666667,13.611111111111109,3.0,10.0
2020-04-22,16.333333333333332,0.0,1.8777777777777775,999.4222222222221,58.55555555555556,10.822222222222223,2.3333333333333335,9.0
2020-04-23,14.222222222222225,0.0,3.688888888888889,1004.0666666666667,44.55555555555556,7.266666666666666,1.0,6.666666666666667
2020-04-24,14.700000000000001,0.0,3.3111111111111113,1007.1444444444444,43.888888888888886,7.344444444444444,1.0,4.666666666666667
2020-04-25,15.14444444444445,0.0,3.811111111111111,1014.9555555555556,46.22222222222222,7.866666666666666,0.0,0.0
2020-04-26,20.833333333333336,0.0,5.655555555555556,1009.4333333333333,41.666666666666664,10.133333333333333,2.0,10.0
2020-04-27,14.899999999999999,0.16666666666666666,2.6666666666666665,1013.0333333333333,63.77777777777778,10.688888888888888,3.3333333333333335,9.666666666666666
2020-04-28,14.366666666666665,0.5555555555555556,2.4222222222222225,1014.3666666666666,73.77777777777777,11.955555555555554,3.0,10.0
2020-04-29,17.58888888888889,0.0,3.9222222222222225,1015.5222222222224,57.55555555555556,11.511111111111111,0.0,0.0
2020-04-30,20.533333333333335,0.0,2.466666666666667,1016.9777777777779,57.333333333333336,13.73333333333333,0.3333333333333333,2.3333333333333335
2020-05-01,22.622222222222224,0.0,4.588888888888889,1011.3111111111112,55.666666666666664,15.244444444444447,1.3333333333333333,6.0
2020-05-02,23.58888888888889,0.0,3.311111111111111,1009.5888888888888,62.22222222222222,17.944444444444443,0.0,0.0
2020-05-03,23.355555555555554,0.0,4.21111111111111,1010.4000000000001,60.77777777777778,17.366666666666667,2.3333333333333335,9.666666666666666
2020-05-04,19.200000000000003,0.1111111111111111,3.311111111111111,1006.3111111111112,84.88888888888889,18.788888888888888,3.3333333333333335,10.0
2020-05-05,25.12222222222222,0.0,3.6000000000000005,1005.7111111111111,61.0,19.188888888888886,1.0,7.333333333333333
2020-05-06,16.422222222222224,0.1111111111111111,1.8111111111111111,1009.2555555555555,88.66666666666667,16.566666666666663,3.3333333333333335,10.0
2020-05-07,18.955555555555556,0.0,4.5777777777777775,1011.0888888888888,40.44444444444444,8.622222222222225,1.0,2.3333333333333335
2020-05-08,19.055555555555554,0.0,3.0999999999999996,1018.9333333333333,36.0,7.855555555555556,0.6666666666666666,3.3333333333333335
2020-05-09,19.92222222222222,0.0,4.699999999999999,1015.688888888889,55.22222222222222,12.822222222222223,2.3333333333333335,10.0
2020-05-10,21.96666666666667,0.0,5.188888888888889,1003.5777777777777,83.0,21.833333333333332,3.3333333333333335,10.0
2020-05-11,25.02222222222222,0.0,3.344444444444444,998.7555555555555,72.55555555555556,22.766666666666666,1.6666666666666667,6.333333333333333
2020-05-12,22.83333333333333,0.0,2.066666666666667,1003.1555555555556,73.55555555555556,20.066666666666666,3.0,10.0
2020-05-13,25.34444444444445,0.0,1.9222222222222223,1000.9888888888888,52.44444444444444,16.76666666666667,0.6666666666666666,2.3333333333333335
2020-05-14,23.46666666666667,0.0,3.711111111111111,1013.7333333333333,35.888888888888886,10.499999999999998,0.6666666666666666,3.3333333333333335
2020-05-15,24.27777777777778,0.0,4.844444444444445,1015.4555555555554,49.111111111111114,14.811111111111112,2.3333333333333335,10.0
2020-05-16,18.98888888888889,1.4444444444444444,4.666666666666666,1009.1444444444444,89.22222222222223,19.48888888888889,3.6666666666666665,10.0
2020-05-17,23.84444444444445,0.0,2.688888888888889,999.5,63.333333333333336,18.244444444444444,1.0,4.0
2020-05-18,19.211111111111112,0.1111111111111111,1.8555555555555554,1006.688888888889,87.55555555555556,19.48888888888889,3.6666666666666665,10.0
2020-05-19,18.499999999999996,1.0,3.8777777777777778,994.3777777777777,99.11111111111111,21.12222222222222,4.0,10.0
2020-05-20,13.377777777777776,0.0,2.5444444444444443,1004.2555555555555,84.0,12.844444444444445,3.0,10.0
2020-05-21,13.077777777777778,0.0,1.966666666666667,1012.8111111111112,83.88888888888889,12.622222222222222,3.3333333333333335,10.0
2020-05-22,16.166666666666668,0.0,2.466666666666667,1015.3333333333334,83.77777777777777,15.422222222222224,3.6666666666666665,10.0
2020-05-23,19.200000000000003,0.0,1.9666666666666666,1011.5777777777777,84.77777777777777,18.744444444444447,2.6666666666666665,9.333333333333334
2020-05-24,23.355555555555558,0.0,3.4999999999999996,1012.0999999999999,62.666666666666664,17.788888888888888,1.6666666666666667,5.666666666666667
2020-05-25,23.53333333333333,0.0,3.188888888888888,1007.7444444444445,63.77777777777778,18.388888888888886,2.3333333333333335,10.0
2020-05-26,22.611111111111114,0.0,2.744444444444445,1005.6666666666666,75.77777777777777,20.744444444444444,3.3333333333333335,10.0
2020-05-27,22.333333333333336,0.0,2.2777777777777777,1000.5777777777779,75.88888888888889,20.299999999999997,2.6666666666666665,9.666666666666666
2020-05-28,22.433333333333334,0.0,3.388888888888889,1004.3000000000001,53.111111111111114,14.488888888888889,2.3333333333333335,9.333333333333334
2020-05-29,23.577777777777776,0.0,2.3333333333333335,1009.9666666666666,47.77777777777778,13.444444444444445,0.6666666666666666,2.0
2020-05-30,24.33333333333333,0.0,3.422222222222222,1017.2111111111111,58.111111111111114,17.422222222222224,1.6666666666666667,8.0
2020-05-31,22.711111111111112,0.0,3.688888888888889,1016.5333333333334,66.44444444444444,18.27777777777778,3.0,10.0
2020-06-01,19.755555555555556,0.2777777777777778,1.6333333333333335,1010.3444444444444,95.0,21.9,3.6666666666666665,10.0
2020-06-02,23.266666666666666,0.0,2.033333333333333,1004.5111111111112,83.44444444444444,23.61111111111111,2.6666666666666665,10.0
2020-06-03,25.8,0.0,2.3777777777777778,1002.8333333333334,66.22222222222223,21.87777777777778,2.0,9.666666666666666
2020-06-04,24.37777777777778,0.0,3.0444444444444443,1003.2555555555555,74.77777777777777,22.677777777777777,2.6666666666666665,10.0
2020-06-05,27.38888888888889,0.0,2.9222222222222225,1003.0444444444446,63.77777777777778,23.022222222222222,1.3333333333333333,6.666666666666667
2020-06-06,26.744444444444447,0.0,2.388888888888889,1003.7888888888889,67.0,23.433333333333334,2.6666666666666665,10.0
2020-06-07,23.9,0.0,3.066666666666667,1006.5999999999999,55.44444444444444,16.277777777777782,1.3333333333333333,5.0
2020-06-08,24.355555555555558,0.0,2.5,1013.8777777777777,67.11111111111111,20.366666666666667,1.6666666666666667,5.0
2020-06-09,28.255555555555556,0.0,3.288888888888889,1015.5888888888888,58.77777777777778,22.255555555555556,2.0,10.0
2020-06-10,29.199999999999996,0.0,5.522222222222222,1012.5333333333333,51.55555555555556,20.755555555555553,0.3333333333333333,1.0
2020-06-11,27.31111111111111,0.05555555555555555,7.677777777777777,1004.1333333333332,75.0,27.099999999999998,3.3333333333333335,10.0
2020-06-12,28.288888888888888,0.0,2.444444444444444,1001.3000000000001,74.11111111111111,28.34444444444445,2.3333333333333335,8.666666666666666
2020-06-13,21.51111111111111,3.1666666666666665,3.033333333333333,1004.2555555555557,98.88888888888889,25.43333333333333,4.0,10.0
2020-06-14,21.766666666666666,0.2777777777777778,1.2999999999999998,1004.2111111111112,97.33333333333333,25.377777777777776,3.3333333333333335,10.0
2020-06-15,28.58888888888889,0.0,2.5444444444444443,998.1777777777778,69.77777777777777,26.688888888888886,2.3333333333333335,10.0
2020-06-16,27.700000000000003,0.0,3.0,997.8111111111112,60.44444444444444,22.31111111111111,1.6666666666666667,7.0
2020-06-17,26.011111111111113,0.0,3.3000000000000003,1003.5444444444444,49.888888888888886,16.799999999999997,1.0,4.666666666666667
2020-06-18,23.977777777777778,0.0,1.9888888888888892,1004.7111111111111,70.55555555555556,20.95555555555556,2.6666666666666665,10.0
2020-06-19,18.677777777777774,3.111111111111111,2.344444444444444,998.4666666666667,98.77777777777777,21.266666666666666,4.0,10.0
2020-06-20,25.11111111111111,0.0,2.7777777777777772,1004.2555555555555,66.11111111111111,20.81111111111111,1.6666666666666667,6.0
2020-06-21,21.600000000000005,0.2777777777777778,2.5999999999999996,1009.5555555555555,82.44444444444444,21.099999999999998,2.6666666666666665,9.333333333333334
2020-06-22,19.62222222222222,2.388888888888889,3.488888888888889,1006.7111111111111,96.0,21.93333333333333,4.0,10.0
2020-06-23,23.42222222222222,0.05555555555555555,2.1555555555555554,1007.6222222222223,81.33333333333333,23.166666666666668,3.0,9.666666666666666
2020-06-24,23.34444444444445,0.0,2.833333333333333,1010.5333333333333,79.66666666666667,22.799999999999997,2.3333333333333335,9.333333333333334
2020-06-25,19.855555555555554,1.0555555555555556,2.022222222222222,1006.7333333333333,95.77777777777777,22.17777777777778,3.0,10.0
2020-06-26,25.655555555555555,0.0,1.588888888888889,1001.5444444444446,78.11111111111111,25.477777777777778,2.3333333333333335,8.333333333333334
2020-06-27,26.677777777777777,0.0,1.9666666666666666,1002.2000000000002,78.88888888888889,27.533333333333335,2.6666666666666665,10.0
2020-06-28,22.11111111111111,2.111111111111111,2.4222222222222225,997.6888888888888,96.22222222222223,25.611111111111114,3.6666666666666665,10.0
2020-06-29,27.15555555555555,0.0,2.977777777777778,1004.1333333333334,57.44444444444444,20.677777777777777,1.0,6.0
2020-06-30,25.22222222222222,0.5,4.199999999999999,1003.2666666666669,83.22222222222223,26.644444444444442,3.3333333333333335,10.0
2020-07-01,25.62222222222222,0.2222222222222222,7.022222222222222,999.8666666666666,87.33333333333333,28.688888888888886,3.0,10.0
2020-07-02,28.166666666666668,0.0,6.211111111111111,1002.9999999999998,61.44444444444444,23.044444444444444,0.3333333333333333,1.3333333333333333
2020-07-03,26.11111111111111,0.0,2.966666666666667,1011.7333333333333,69.11111111111111,23.344444444444445,3.0,10.0
2020-07-04,23.755555555555553,0.16666666666666666,4.0,1002.0,89.11111111111111,25.966666666666665,3.3333333333333335,10.0
2020-07-05,25.600000000000005,0.3333333333333333,3.066666666666667,1003.2000000000002,88.0,28.77777777777778,3.3333333333333335,10.0
2020-07-06,24.92222222222222,1.7222222222222223,6.011111111111111,1006.1888888888888,91.33333333333333,28.72222222222222,4.0,10.0
2020-07-07,27.855555555555554,0.0,6.7666666666666675,1004.3666666666668,81.55555555555556,30.566666666666663,3.3333333333333335,10.0
2020-07-08,26.555555555555557,0.05555555555555555,6.355555555555555,1000.9111111111112,79.55555555555556,27.7,3.3333333333333335,10.0
2020-07-09,24.677777777777777,0.3333333333333333,4.311111111111111,1006.0333333333333,91.77777777777777,28.488888888888887,4.0,10.0
2020-07-10,25.866666666666667,0.05555555555555555,3.5888888888888895,1009.1222222222223,87.77777777777777,29.15555555555556,3.6666666666666665,9.666666666666666
2020-07-11,28.455555555555552,0.05555555555555555,5.633333333333334,1002.9333333333333,77.88888888888889,30.17777777777778,3.0,10.0
2020-07-12,29.166666666666668,0.0,1.8333333333333333,999.4111111111112,74.0,29.833333333333332,2.6666666666666665,10.0
2020-07-13,22.022222222222226,0.05555555555555555,2.9000000000000004,1008.8444444444444,82.33333333333333,21.733333333333334,3.3333333333333335,10.0
2020-07-14,22.81111111111111,0.2222222222222222,2.5666666666666664,999.8333333333334,97.88888888888889,27.2,3.6666666666666665,10.0
2020-07-15,21.277777777777782,0.3333333333333333,1.6444444444444444,997.7444444444445,98.88888888888889,25.011111111111113,3.6666666666666665,10.0
2020-07-16,21.6,0.0,2.0555555555555554,1004.0222222222221,83.33333333333333,21.444444444444443,3.0,10.0
2020-07-17,19.322222222222223,1.1666666666666667,2.111111111111111,1008.0888888888888,97.55555555555556,21.88888888888889,3.6666666666666665,10.0
2020-07-18,20.288888888888888,1.6666666666666667,1.9222222222222223,1009.2111111111111,99.44444444444444,23.67777777777778,3.6666666666666665,10.0
2020-07-19,25.555555555555557,0.0,3.0444444444444443,1008.588888888889,85.0,27.644444444444446,1.6666666666666667,6.666666666666667
2020-07-20,29.177777777777774,0.0,2.5222222222222226,1008.4777777777776,70.22222222222223,28.21111111111111,2.3333333333333335,10.0
2020-07-21,26.377777777777776,0.0,1.9333333333333336,1009.5777777777777,84.66666666666667,29.033333333333335,3.3333333333333335,10.0
2020-07-22,27.48888888888889,0.0,2.666666666666667,1005.7222222222222,86.77777777777777,31.733333333333334,3.0,10.0
2020-07-23,23.400000000000002,2.7777777777777777,1.5444444444444445,1005.9000000000002,99.0,28.522222222222222,4.0,10.0
2020-07-24,25.17777777777778,0.0,1.4888888888888887,1007.1666666666666,91.0,29.11111111111111,3.3333333333333335,10.0
2020-07-25,25.766666666666666,0.7222222222222222,2.1333333333333333,1007.9888888888888,96.44444444444444,31.966666666666665,3.0,10.0
2020-07-26,26.811111111111114,0.6111111111111112,3.0444444444444447,1011.4777777777779,89.77777777777777,31.41111111111111,3.0,9.0
2020-07-27,28.03333333333333,0.0,4.666666666666667,1011.0222222222221,78.0,29.511111111111113,3.3333333333333335,10.0
2020-07-28,28.58888888888889,0.0,3.3555555555555556,1007.1777777777778,79.22222222222223,30.855555555555554,3.6666666666666665,10.0
2020-07-29,23.4,0.0,2.555555555555556,1010.9777777777776,86.66666666666667,24.91111111111111,3.3333333333333335,10.0
2020-07-30,23.7,0.0,1.9333333333333336,1013.5,79.66666666666667,23.299999999999997,3.0,10.0
2020-07-31,25.08888888888889,0.1111111111111111,1.5111111111111113,1009.488888888889,89.77777777777777,28.333333333333332,3.0,10.0
2020-08-01,28.211111111111112,0.0,2.7666666666666666,1008.9444444444445,70.33333333333333,26.57777777777778,1.0,6.333333333333333
2020-08-02,28.08888888888889,0.0,2.1666666666666665,1010.8888888888889,67.55555555555556,25.41111111111111,1.6666666666666667,7.333333333333333
2020-08-03,29.34444444444444,0.0,2.4999999999999996,1010.9555555555556,64.22222222222223,25.833333333333332,1.0,3.0
2020-08-04,30.27777777777778,0.0,2.888888888888889,1012.2333333333333,68.11111111111111,29.055555555555557,1.0,4.333333333333333
2020-08-05,31.25555555555555,0.0,3.0555555555555554,1013.5222222222224,67.22222222222223,30.355555555555554,0.3333333333333333,1.6666666666666667
2020-08-06,30.41111111111111,0.0,4.01111111111111,1010.7111111111111,71.0,30.644444444444446,1.0,6.0
2020-08-07,31.82222222222222,0.0,3.5999999999999996,1004.7555555555555,60.55555555555556,28.344444444444445,2.3333333333333335,10.0
2020-08-08,29.43333333333333,0.0,2.733333333333333,1005.9000000000001,73.66666666666667,30.188888888888886,2.3333333333333335,8.333333333333334
2020-08-09,31.06666666666667,0.0,2.5555555555555554,1006.4111111111112,67.88888888888889,30.488888888888894,2.0,9.666666666666666
2020-08-10,32.26666666666667,0.0,2.1666666666666665,1010.8777777777777,66.33333333333333,31.822222222222226,2.0,10.0
2020-08-11,34.15555555555556,0.0,4.688888888888889,1010.0666666666665,58.333333333333336,31.08888888888889,0.3333333333333333,2.0
2020-08-12,32.83333333333334,0.0,2.7999999999999994,1009.1777777777778,65.55555555555556,32.56666666666667,3.0,6.333333333333333
2020-08-13,32.9,0.0,2.4,1006.188888888889,63.666666666666664,31.633333333333333,1.6666666666666667,6.0
2020-08-14,31.311111111111114,0.0,2.433333333333333,1005.7666666666669,69.22222222222223,31.37777777777778,0.6666666666666666,3.3333333333333335
2020-08-15,33.044444444444444,0.0,2.388888888888889,1003.9222222222223,68.0,34.06666666666666,0.6666666666666666,3.0
2020-08-16,33.22222222222222,0.0,3.166666666666667,1005.6111111111111,66.22222222222223,33.62222222222223,1.0,3.6666666666666665
2020-08-17,33.111111111111114,0.0,3.255555555555555,1007.3555555555554,66.11111111111111,33.23333333333333,2.3333333333333335,8.666666666666666
2020-08-18,31.744444444444444,0.0,3.011111111111111,1007.0,68.0,31.63333333333334,1.6666666666666667,7.333333333333333
2020-08-19,30.73333333333333,0.0,2.9000000000000004,1008.1111111111111,66.55555555555556,29.06666666666667,1.6666666666666667,7.0
2020-08-20,32.15555555555556,0.0,3.4555555555555553,1008.8111111111112,63.666666666666664,30.266666666666666,0.6666666666666666,1.6666666666666667
2020-08-21,32.599999999999994,0.0,2.9777777777777774,1009.8333333333334,61.77777777777778,29.65555555555556,0.3333333333333333,1.6666666666666667
2020-08-22,32.06666666666666,0.0,2.7777777777777777,1008.9000000000001,61.888888888888886,29.04444444444444,1.0,6.0
2020-08-23,26.03333333333333,4.0,1.7333333333333334,1006.6111111111111,86.66666666666667,29.066666666666663,3.3333333333333335,10.0
2020-08-24,29.077777777777776,0.0,3.033333333333333,1004.3777777777777,69.66666666666667,27.566666666666663,1.6666666666666667,8.0
2020-08-25,29.58888888888889,0.0,2.3222222222222224,1007.1222222222223,67.44444444444444,27.811111111111114,1.0,7.333333333333333
2020-08-26,30.922222222222224,0.0,2.9444444444444446,1009.3000000000001,64.55555555555556,28.555555555555557,1.0,4.0
2020-08-27,30.666666666666668,0.0,3.4555555555555557,1009.7000000000002,72.55555555555556,31.74444444444445,2.0,7.666666666666667
2020-08-28,31.966666666666672,0.0,3.8000000000000003,1009.3777777777777,68.0,32.08888888888889,1.0,4.666666666666667
2020-08-29,32.47777777777778,0.0,3.677777777777778,1007.988888888889,65.44444444444444,31.755555555555556,0.6666666666666666,1.6666666666666667
2020-08-30,32.42222222222222,0.0,3.4555555555555557,1007.1333333333334,63.333333333333336,30.488888888888887,1.0,3.3333333333333335
2020-08-31,29.700000000000003,0.0,3.022222222222222,1007.7555555555557,71.88888888888889,29.799999999999997,2.3333333333333335,7.666666666666667
2020-09-01,25.666666666666668,0.0,2.5999999999999996,1010.4222222222223,78.66666666666667,25.92222222222222,3.0,10.0
2020-09-02,27.833333333333332,0.5555555555555556,2.5555555555555554,1010.5,87.0,32.400000000000006,3.6666666666666665,10.0
2020-09-03,29.688888888888886,0.16666666666666666,4.466666666666667,1008.8888888888889,82.55555555555556,34.32222222222222,3.3333333333333335,9.0
2020-09-04,32.57777777777778,0.0,3.3444444444444446,1010.088888888889,65.33333333333333,31.922222222222224,1.0,4.666666666666667
2020-09-05,30.688888888888894,0.0,2.7222222222222223,1009.9666666666666,69.88888888888889,30.677777777777774,1.6666666666666667,7.333333333333333
2020-09-06,26.333333333333332,0.2222222222222222,2.977777777777778,1010.4333333333333,90.55555555555556,30.966666666666665,3.0,9.333333333333334
2020-09-07,27.966666666666665,1.8888888888888888,5.266666666666667,1010.4555555555556,91.22222222222223,34.27777777777777,3.0,9.666666666666666
2020-09-08,31.944444444444443,0.0,5.155555555555555,1012.7333333333333,63.0,29.65555555555556,1.0,2.6666666666666665
2020-09-09,31.533333333333335,0.0,3.4999999999999996,1010.511111111111,60.44444444444444,27.84444444444445,0.0,0.3333333333333333
2020-09-10,29.577777777777776,0.0,4.133333333333333,1008.4666666666666,72.66666666666667,30.04444444444444,3.0,9.666666666666666
2020-09-11,29.54444444444444,0.0,2.9000000000000004,1012.0777777777779,73.11111111111111,30.011111111111113,3.0,7.666666666666667
2020-09-12,24.1,0.7777777777777778,2.966666666666667,1012.0333333333333,95.22222222222223,28.577777777777776,3.6666666666666665,10.0
2020-09-13,25.211111111111112,0.0,1.6888888888888889,1008.2999999999998,82.0,26.322222222222216,3.0,10.0
2020-09-14,24.1,0.0,2.0444444444444443,1007.8333333333334,84.33333333333333,25.17777777777778,3.0,10.0
2020-09-15,25.233333333333334,0.0,1.8444444444444446,1010.8666666666668,73.33333333333333,23.47777777777778,2.6666666666666665,10.0
2020-09-16,24.922222222222224,0.0,1.7111111111111112,1011.4555555555556,72.66666666666667,22.888888888888893,3.0,10.0
2020-09-17,25.42222222222222,0.0,2.1222222222222222,1009.9222222222221,82.33333333333333,26.655555555555555,3.0,9.666666666666666
2020-09-18,30.61111111111111,0.0,6.877777777777777,1003.6444444444444,69.0,30.188888888888894,2.6666666666666665,10.0
2020-09-19,25.688888888888886,0.0,2.911111111111111,1008.2222222222224,76.0,25.099999999999998,3.0,10.0
2020-09-20,22.644444444444442,0.0,2.4000000000000004,1011.3333333333335,77.44444444444444,21.27777777777778,3.6666666666666665,10.0
2020-09-21,22.96666666666667,0.0,2.1222222222222222,1011.9000000000001,74.44444444444444,20.61111111111111,2.3333333333333335,7.333333333333333
2020-09-22,24.944444444444443,0.0,2.6333333333333337,1014.4666666666666,63.44444444444444,19.88888888888889,2.6666666666666665,10.0
2020-09-23,20.9,0.16666666666666666,2.5444444444444447,1012.1555555555556,93.66666666666667,23.200000000000003,4.0,10.0
2020-09-24,19.777777777777775,0.2222222222222222,3.4444444444444446,1011.0111111111112,88.22222222222223,20.27777777777778,4.0,10.0
2020-09-25,19.366666666666667,0.5,3.6999999999999997,1004.1222222222223,97.66666666666667,21.98888888888889,4.0,10.0
2020-09-26,18.46666666666667,0.2222222222222222,2.033333333333333,1005.6444444444444,97.77777777777777,20.78888888888889,4.0,10.0
2020-09-27,20.955555555555556,0.0,1.4666666666666668,1006.9555555555556,80.66666666666667,19.944444444444443,3.0,9.666666666666666
2020-09-28,23.811111111111114,0.0,2.5222222222222217,1009.2888888888889,57.77777777777778,16.633333333333336,0.3333333333333333,1.0
2020-09-29,21.133333333333333,0.0,3.3333333333333335,1009.4666666666666,64.44444444444444,16.055555555555557,2.3333333333333335,10.0
2020-09-30,21.888888888888886,0.0,2.3777777777777778,1004.4888888888888,53.77777777777778,13.788888888888888,0.3333333333333333,1.0
2020-10-01,20.31111111111111,0.1111111111111111,1.7444444444444445,1007.6333333333334,81.33333333333333,19.133333333333333,3.3333333333333335,10.0
2020-10-02,23.133333333333336,0.0,2.033333333333333,1013.9666666666667,59.22222222222222,16.388888888888893,0.0,0.0
2020-10-03,23.355555555555558,0.0,1.4555555555555557,1014.7111111111109,64.55555555555556,18.288888888888884,2.3333333333333335,8.0
2020-10-04,22.74444444444445,0.0,2.1333333333333333,1010.2888888888889,73.77777777777777,20.266666666666666,3.0,10.0
2020-10-05,21.87777777777778,0.0,1.4222222222222223,1002.2777777777778,82.66666666666667,21.63333333333333,3.0,10.0
2020-10-06,22.299999999999997,0.0,2.3666666666666663,1012.4111111111112,47.44444444444444,12.766666666666667,3.0,9.666666666666666
2020-10-07,20.822222222222226,0.0,3.255555555555556,1021.2777777777778,56.55555555555556,13.855555555555556,2.3333333333333335,8.0
2020-10-08,14.788888888888888,1.6666666666666667,2.5555555555555554,1023.5777777777777,98.44444444444444,16.54444444444444,4.0,10.0
2020-10-09,14.67777777777778,1.6666666666666667,2.6333333333333337,1023.4777777777776,98.66666666666667,16.488888888888887,4.0,10.0
2020-10-10,16.177777777777777,4.333333333333333,2.5777777777777775,1015.5555555555555,100.0,18.4,4.0,10.0
2020-10-11,20.92222222222222,0.0,2.8444444444444446,1008.1777777777778,85.77777777777777,21.144444444444442,3.3333333333333335,10.0
2020-10-12,22.555555555555557,0.0,2.522222222222222,1008.2666666666667,80.0,21.855555555555554,2.3333333333333335,9.333333333333334
2020-10-13,23.933333333333334,0.0,2.5444444444444447,1008.5444444444446,75.0,22.1,2.3333333333333335,9.0
2020-10-14,21.288888888888888,0.0,2.4333333333333336,1015.4333333333333,65.77777777777777,16.62222222222222,2.3333333333333335,9.333333333333334
2020-10-15,17.333333333333336,0.1111111111111111,2.7555555555555555,1016.9333333333333,85.33333333333333,16.855555555555554,3.6666666666666665,10.0
2020-10-16,16.533333333333335,0.0,3.3,1019.0777777777777,53.666666666666664,9.988888888888887,2.0,9.0
2020-10-17,12.488888888888889,1.4444444444444444,2.3111111111111113,1018.7222222222222,97.44444444444444,14.11111111111111,4.0,10.0
2020-10-18,16.244444444444444,0.0,2.422222222222222,1019.122222222222,73.88888888888889,13.477777777777776,2.3333333333333335,9.0
2020-10-19,14.533333333333331,0.16666666666666666,2.533333333333333,1019.8777777777777,79.11111111111111,13.033333333333333,3.6666666666666665,10.0
2020-10-20,17.67777777777778,0.0,2.6999999999999997,1022.1333333333334,63.111111111111114,12.533333333333333,1.6666666666666667,6.666666666666667
2020-10-21,17.92222222222222,0.0,2.933333333333333,1023.0333333333333,57.888888888888886,11.733333333333333,0.6666666666666666,4.333333333333333
2020-10-22,18.8,0.0,2.677777777777778,1016.3222222222224,64.11111111111111,13.944444444444445,3.0,10.0
2020-10-23,17.08888888888889,0.7222222222222222,1.677777777777778,999.4888888888888,96.88888888888889,18.87777777777778,3.6666666666666665,10.0
2020-10-24,18.91111111111111,0.0,3.0999999999999996,1002.7666666666669,48.55555555555556,10.577777777777778,1.0,6.0
2020-10-25,17.82222222222222,0.0,2.644444444444444,1009.3555555555556,40.888888888888886,8.166666666666666,0.3333333333333333,2.0
2020-10-26,18.9,0.0,2.0777777777777775,1013.1777777777776,49.666666666666664,10.4,1.3333333333333333,6.666666666666667
2020-10-27,18.166666666666668,0.0,2.5888888888888895,1016.4777777777776,57.55555555555556,11.98888888888889,1.3333333333333333,8.0
2020-10-28,17.93333333333333,0.0,1.6888888888888889,1017.311111111111,65.0,13.288888888888888,3.0,10.0
2020-10-29,19.688888888888883,0.0,3.177777777777778,1013.1444444444444,48.44444444444444,10.666666666666666,0.3333333333333333,0.6666666666666666
2020-10-30,16.055555555555557,0.0,3.1555555555555554,1014.6333333333332,47.44444444444444,8.666666666666666,1.6666666666666667,7.666666666666667
2020-10-31,15.944444444444445,0.0,2.6555555555555554,1022.6111111111113,43.22222222222222,7.699999999999999,0.0,0.0
2020-11-01,15.833333333333334,0.0,1.7666666666666668,1023.2222222222222,61.55555555555556,10.977777777777778,2.6666666666666665,10.0
2020-11-02,18.077777777777776,0.0,1.7333333333333334,1014.7333333333333,67.77777777777777,14.111111111111112,2.3333333333333335,8.666666666666666
2020-11-03,15.666666666666666,0.05555555555555555,1.4777777777777779,1004.7555555555555,91.33333333333333,16.244444444444444,3.0,10.0
2020-11-04,15.444444444444445,0.0,2.1333333333333337,1011.4777777777776,37.888888888888886,6.499999999999999,0.0,0.3333333333333333
2020-11-05,15.677777777777777,0.0,2.088888888888889,1021.2555555555555,45.111111111111114,7.822222222222221,0.0,0.0
2020-11-06,14.066666666666666,0.0,1.6,1023.0222222222224,61.22222222222222,9.855555555555554,3.0,10.0
2020-11-07,16.355555555555554,0.0,1.2000000000000002,1013.4111111111112,69.33333333333333,12.966666666666669,2.6666666666666665,9.333333333333334
2020-11-08,19.322222222222223,0.0,1.2888888888888888,1006.6555555555556,71.11111111111111,15.88888888888889,3.0,10.0
2020-11-09,14.933333333333334,0.0,3.1111111111111116,1010.0777777777777,38.666666666666664,6.511111111111111,1.0,4.666666666666667
2020-11-10,13.466666666666667,0.0,3.2666666666666666,1016.5333333333334,43.888888888888886,6.622222222222223,0.0,0.3333333333333333
2020-11-11,14.344444444444443,0.0,4.322222222222222,1024.7222222222222,38.666666666666664,6.233333333333333,0.3333333333333333,2.0
2020-11-12,10.4,0.0,2.4222222222222225,1030.6444444444444,59.44444444444444,7.48888888888889,3.0,9.666666666666666
2020-11-13,15.399999999999999,0.0,1.7666666666666666,1021.8999999999999,58.0,10.166666666666666,0.3333333333333333,1.0
2020-11-14,17.27777777777778,0.0,3.0999999999999996,1022.4222222222221,41.111111111111114,7.933333333333333,0.0,0.0
2020-11-15,14.777777777777779,0.0,2.4555555555555557,1026.911111111111,57.22222222222222,9.677777777777777,0.6666666666666666,2.0
2020-11-16,16.744444444444444,0.0,1.3555555555555556,1019.7777777777778,58.333333333333336,11.11111111111111,0.3333333333333333,1.0
2020-11-17,17.633333333333336,0.0,2.4555555555555553,1025.0,50.22222222222222,9.966666666666667,0.0,0.0
2020-11-18,17.7,0.0,1.8111111111111111,1022.4111111111112,63.888888888888886,12.911111111111113,0.6666666666666666,3.3333333333333335
2020-11-19,20.388888888888893,0.0,3.511111111111111,1016.7666666666667,67.11111111111111,16.188888888888886,1.3333333333333333,8.0
2020-11-20,22.68888888888889,0.0,6.3,1004.7888888888888,70.55555555555556,19.444444444444443,3.0,10.0
2020-11-21,18.3,0.0,5.388888888888889,1011.1333333333334,37.22222222222222,7.788888888888888,0.0,0.0
2020-11-22,14.799999999999999,0.0,2.7111111111111104,1017.2666666666669,58.111111111111114,9.955555555555556,1.0,2.3333333333333335
2020-11-23,17.688888888888886,0.0,3.5222222222222217,1009.9444444444445,45.333333333333336,8.933333333333335,1.3333333333333333,4.333333333333333
2020-11-24,11.855555555555556,0.0,2.6888888888888887,1021.5222222222224,50.111111111111114,6.966666666666667,3.3333333333333335,10.0
2020-11-25,10.222222222222221,0.5555555555555556,2.6333333333333333,1019.7555555555557,95.66666666666667,11.933333333333334,3.6666666666666665,10.0
2020-11-26,14.97777777777778,0.0,1.6333333333333335,1017.9777777777779,71.77777777777777,11.866666666666665,0.6666666666666666,5.0
2020-11-27,12.2,0.0,3.1111111111111116,1017.8555555555556,74.55555555555556,10.58888888888889,3.0,9.666666666666666
2020-11-28,14.41111111111111,0.0,4.466666666666666,1008.9222222222223,49.44444444444444,7.811111111111111,0.6666666666666666,1.6666666666666667
2020-11-29,11.088888888888889,0.0,1.7333333333333334,1019.1555555555556,46.22222222222222,6.1,3.0,10.0
2020-11-30,11.011111111111111,0.0,1.3222222222222222,1020.0888888888888,59.22222222222222,7.633333333333334,1.0,4.0
2020-12-01,11.2,0.0,2.0999999999999996,1024.5666666666666,59.44444444444444,7.7333333333333325,0.0,0.6666666666666666
2020-12-02,9.055555555555554,0.0,2.511111111111111,1023.7333333333333,69.22222222222223,7.966666666666667,3.3333333333333335,10.0
2020-12-03,8.466666666666667,0.0,2.033333333333333,1014.0666666666665,88.11111111111111,9.733333333333333,3.0,10.0
2020-12-04,10.722222222222221,0.0,2.6333333333333337,1019.1222222222223,50.888888888888886,6.266666666666667,0.6666666666666666,2.6666666666666665
2020-12-05,6.055555555555555,0.3888888888888889,2.4444444444444446,1021.7444444444443,93.44444444444444,8.799999999999999,3.3333333333333335,10.0
2020-12-06,9.61111111111111,0.0,1.7999999999999998,1021.4777777777776,69.77777777777777,8.244444444444447,1.6666666666666667,6.666666666666667
2020-12-07,11.78888888888889,0.0,1.1444444444444444,1017.3555555555556,62.22222222222222,8.322222222222223,0.0,0.0
2020-12-08,13.211111111111112,0.0,1.7444444444444445,1013.5444444444444,55.666666666666664,8.155555555555555,1.0,3.3333333333333335
2020-12-09,10.377777777777776,0.0,2.2555555555555555,1020.6222222222223,58.333333333333336,7.344444444444444,3.0,10.0
2020-12-10,9.766666666666666,0.0,2.655555555555556,1015.9888888888888,65.0,7.855555555555556,3.0,10.0
2020-12-11,11.022222222222222,0.0,1.4333333333333331,1014.1222222222223,70.22222222222223,9.08888888888889,2.3333333333333335,7.666666666666667
2020-12-12,12.322222222222221,0.0,1.4333333333333331,1004.6000000000001,66.55555555555556,9.444444444444445,2.3333333333333335,9.666666666666666
2020-12-13,11.966666666666667,0.0,1.2444444444444445,1005.9000000000001,64.88888888888889,8.933333333333334,2.0,7.333333333333333
2020-12-14,10.166666666666668,0.0,2.888888888888889,1004.1666666666666,53.22222222222222,6.433333333333334,2.3333333333333335,9.666666666666666
2020-12-15,7.655555555555556,0.0,1.7777777777777777,1007.3000000000001,43.888888888888886,4.466666666666667,0.6666666666666666,3.6666666666666665
2020-12-16,6.7555555555555555,0.0,1.5000000000000002,1008.8444444444443,30.88888888888889,2.988888888888889,1.3333333333333333,5.666666666666667
2020-12-17,6.155555555555555,0.0,3.4222222222222225,1013.6555555555556,34.666666666666664,3.0555555555555554,0.3333333333333333,1.0
2020-12-18,7.900000000000001,0.0,1.6444444444444446,1015.7444444444443,43.888888888888886,4.711111111111111,1.0,4.666666666666667
2020-12-19,7.611111111111111,0.0,2.522222222222222,1012.2111111111112,44.22222222222222,4.5888888888888895,2.6666666666666665,9.333333333333334
2020-12-20,6.455555555555557,0.0,3.533333333333333,1016.4333333333333,38.44444444444444,3.566666666666667,0.6666666666666666,3.3333333333333335
2020-12-21,7.477777777777778,0.0,1.6888888888888889,1018.4111111111112,33.333333333333336,3.3222222222222215,0.0,0.0
2020-12-22,7.2666666666666675,0.0,1.7555555555555555,1019.6666666666666,48.111111111111114,4.777777777777777,0.6666666666666666,3.0
2020-12-23,9.477777777777778,0.0,1.9444444444444444,1018.4777777777776,44.22222222222222,5.033333333333332,0.0,0.0
2020-12-24,8.333333333333334,0.0,1.588888888888889,1010.4000000000001,55.22222222222222,5.988888888888889,2.3333333333333335,8.666666666666666
2020-12-25,10.766666666666666,0.0,2.3666666666666667,1003.3999999999999,45.22222222222222,5.722222222222222,0.6666666666666666,3.6666666666666665
2020-12-26,7.922222222222222,0.0,1.5777777777777777,1015.8555555555554,44.22222222222222,4.544444444444444,1.0,5.333333333333333
2020-12-27,9.055555555555557,0.0,1.5888888888888888,1020.0666666666665,46.22222222222222,5.211111111111111,1.3333333333333333,6.666666666666667
2020-12-28,9.955555555555556,0.0,1.677777777777778,1015.0,61.55555555555556,7.5,2.3333333333333335,7.333333333333333
2020-12-29,10.411111111111111,0.0,1.8111111111111111,1016.8444444444444,59.44444444444444,7.477777777777778,2.3333333333333335,9.666666666666666
2020-12-30,7.966666666666667,0.16666666666666666,2.0,988.1444444444444,78.55555555555556,8.3,3.3333333333333335,10.0
2020-12-31,4.911111111111112,0.0,3.2222222222222223,1006.588888888889,27.444444444444443,2.355555555555556,0.3333333333333333,0.6666666666666666
2021-01-01,6.466666666666667,0.0,1.2999999999999998,1009.6222222222223,35.77777777777778,3.2777777777777777,0.0,0.0
2021-01-02,6.411111111111112,0.0,1.6333333333333335,1012.0,43.22222222222222,4.133333333333333,0.0,0.6666666666666666
2021-01-03,5.033333333333333,0.0,1.4,1018.9444444444445,45.22222222222222,3.933333333333333,1.0,4.666666666666667
2021-01-04,7.355555555555554,0.0,1.6222222222222222,1020.6777777777776,43.22222222222222,4.311111111111112,1.0,4.0
2021-01-05,6.911111111111111,0.0,1.3222222222222222,1016.8333333333334,59.44444444444444,5.9222222222222225,2.3333333333333335,10.0
2021-01-06,5.711111111111111,0.0,2.9222222222222225,1011.6111111111111,71.66666666666667,6.566666666666666,3.0,10.0
2021-01-07,8.7,0.0,4.177777777777778,998.7333333333333,47.888888888888886,5.033333333333333,0.6666666666666666,3.6666666666666665
2021-01-08,3.922222222222222,0.0,1.8000000000000003,1004.6666666666666,37.44444444444444,3.022222222222222,1.6666666666666667,6.0
2021-01-09,5.233333333333333,0.0,2.5999999999999996,1005.588888888889,22.666666666666668,1.9555555555555553,0.3333333333333333,2.6666666666666665
2021-01-10,4.011111111111111,0.0,2.1666666666666665,1013.4222222222223,37.888888888888886,2.9111111111111114,0.0,0.0
2021-01-11,3.2222222222222223,0.0,2.2,1020.9444444444445,45.77777777777778,3.466666666666667,3.0,10.0
2021-01-12,4.055555555555555,0.0,2.4222222222222225,1012.988888888889,62.44444444444444,5.111111111111111,4.0,10.0
2021-01-13,7.922222222222222,0.0,1.8444444444444446,1011.0000000000002,56.888888888888886,5.7,0.0,0.0
2021-01-14,9.777777777777777,0.0,1.6444444444444446,1013.4444444444445,49.22222222222222,5.811111111111111,0.0,0.0
2021-01-15,6.533333333333333,0.0,2.3444444444444446,1020.8555555555556,61.55555555555556,5.988888888888889,3.0,10.0
2021-01-16,13.155555555555557,0.0,2.7666666666666666,1006.8555555555556,58.333333333333336,8.511111111111113,0.6666666666666666,1.6666666666666667
2021-01-17,6.722222222222222,0.0,1.8777777777777775,1012.1444444444444,47.77777777777778,4.688888888888889,2.6666666666666665,10.0
2021-01-18,5.066666666666666,0.0,2.0555555555555554,1011.8666666666666,61.22222222222222,5.322222222222222,1.3333333333333333,6.0
2021-01-19,6.677777777777777,0.0,4.444444444444445,1013.1555555555556,33.333333333333336,3.1999999999999997,0.0,0.0
2021-01-20,5.58888888888889,0.0,3.0444444444444443,1025.9888888888886,34.888888888888886,3.133333333333333,0.0,0.3333333333333333
2021-01-21,6.166666666666666,0.0,1.6777777777777778,1023.5333333333333,46.77777777777778,4.388888888888889,0.3333333333333333,1.0
2021-01-22,10.066666666666666,0.0,1.1666666666666667,1014.3222222222222,41.666666666666664,4.922222222222222,0.6666666666666666,3.0
2021-01-23,7.1,0.6111111111111112,3.377777777777778,1018.6555555555557,86.22222222222223,8.633333333333333,4.0,10.0
2021-01-24,4.0,0.5555555555555556,4.01111111111111,1017.6333333333332,95.33333333333333,7.777777777777778,3.6666666666666665,10.0
2021-01-25,9.433333333333334,0.0,2.1777777777777776,1022.8666666666666,68.44444444444444,7.833333333333333,1.6666666666666667,8.666666666666666
2021-01-26,8.044444444444444,0.0,1.822222222222222,1022.6222222222223,67.0,7.188888888888889,2.3333333333333335,7.666666666666667
2021-01-27,11.422222222222222,0.0,1.8333333333333333,1007.4111111111112,75.88888888888889,9.933333333333334,3.0,10.0
2021-01-28,5.511111111111111,0.3333333333333333,2.9333333333333336,1011.5888888888888,71.11111111111111,6.366666666666665,3.3333333333333335,10.0
2021-01-29,7.7555555555555555,0.0,4.477777777777778,998.8555555555556,45.0,4.388888888888889,0.3333333333333333,3.0
2021-01-30,6.1,0.0,3.888888888888889,1014.7333333333333,29.0,2.6333333333333333,0.0,0.0
2021-01-31,7.855555555555556,0.0,3.2777777777777777,1021.5333333333333,39.22222222222222,4.111111111111111,0.0,0.0
2021-02-01,5.777777777777778,0.0,2.2222222222222223,1023.0444444444444,51.888888888888886,4.844444444444445,1.6666666666666667,6.666666666666667
2021-02-02,10.211111111111112,0.8888888888888888,1.9444444444444444,1001.9111111111112,84.77777777777777,10.433333333333335,1.6666666666666667,6.666666666666667
2021-02-03,8.155555555555557,0.0,2.1333333333333333,1011.5333333333333,40.333333333333336,4.244444444444444,0.0,0.3333333333333333
2021-02-04,9.244444444444445,0.0,3.955555555555555,1008.9111111111112,40.55555555555556,4.633333333333334,0.0,0.0
2021-02-05,7.944444444444443,0.0,2.7111111111111112,1016.4444444444445,42.0,4.522222222222222,0.3333333333333333,2.0
2021-02-06,10.38888888888889,0.0,1.4666666666666668,1010.4888888888888,45.333333333333336,5.644444444444444,0.0,0.0
2021-02-07,12.244444444444445,0.0,2.0444444444444447,1006.9111111111112,42.22222222222222,5.9,0.0,0.3333333333333333
2021-02-08,7.199999999999999,0.0,2.6222222222222222,1007.8666666666668,38.44444444444444,3.8777777777777778,2.3333333333333335,8.0
2021-02-09,6.355555555555555,0.0,5.044444444444444,1014.9000000000001,25.555555555555557,2.377777777777778,0.0,0.0
2021-02-10,8.344444444444443,0.0,2.4555555555555553,1015.3555555555556,36.44444444444444,3.9777777777777774,1.6666666666666667,8.333333333333334
2021-02-11,10.666666666666664,0.0,4.511111111111111,1016.4555555555556,37.666666666666664,4.7333333333333325,0.3333333333333333,1.6666666666666667
2021-02-12,8.177777777777779,0.0,1.722222222222222,1024.5444444444447,50.0,5.455555555555556,2.0,10.0
2021-02-13,11.166666666666666,0.0,2.2,1024.9555555555555,56.44444444444444,7.5,1.0,5.0
2021-02-14,13.02222222222222,0.0,2.688888888888888,1018.7888888888888,55.333333333333336,8.322222222222223,1.6666666666666667,6.333333333333333
2021-02-15,11.58888888888889,8.055555555555555,2.911111111111111,991.5111111111112,99.11111111111111,13.555555555555555,4.0,10.0
2021-02-16,12.600000000000001,0.0,3.533333333333333,996.3555555555556,34.22222222222222,4.7666666666666675,0.0,0.3333333333333333
2021-02-17,10.588888888888889,0.0,4.211111111111111,992.8444444444444,35.888888888888886,4.522222222222222,1.3333333333333333,4.0
2021-02-18,5.955555555555556,0.0,2.477777777777778,1001.1111111111111,24.444444444444443,2.2222222222222223,1.0,3.3333333333333335
2021-02-19,8.633333333333333,0.0,2.755555555555555,1010.4888888888888,28.444444444444443,3.1666666666666665,0.0,0.3333333333333333
2021-02-20,11.299999999999999,0.0,3.2444444444444445,1004.4111111111112,41.55555555555556,5.277777777777779,0.0,0.0
2021-02-21,16.366666666666664,0.0,2.0444444444444447,1007.5777777777779,46.111111111111114,8.355555555555556,0.0,0.0
2021-02-22,16.73333333333333,0.0,2.4000000000000004,1007.0111111111112,51.44444444444444,9.533333333333335,0.0,0.0
2021-02-23,13.399999999999999,0.0,5.522222222222222,1006.6333333333332,34.111111111111114,5.199999999999999,0.6666666666666666,2.0
2021-02-24,8.255555555555555,0.0,4.144444444444444,1016.8777777777777,30.88888888888889,3.311111111111111,0.3333333333333333,3.0
2021-02-25,6.877777777777777,0.0,2.488888888888889,1021.6333333333334,33.77777777777778,3.2666666666666666,1.0,5.0
2021-02-26,9.855555555555558,0.0,2.9222222222222225,1017.0555555555555,41.55555555555556,5.066666666666666,3.0,10.0
2021-02-27,6.655555555555555,0.0,3.922222222222222,1024.111111111111,31.88888888888889,3.066666666666667,1.3333333333333333,7.0
2021-02-28,7.444444444444445,0.0,2.6,1031.5000000000002,42.888888888888886,4.488888888888889,0.3333333333333333,1.0
2021-03-01,12.677777777777777,0.0,3.0888888888888895,1022.8333333333334,51.111111111111114,7.777777777777778,1.6666666666666667,7.666666666666667
2021-03-02,17.255555555555556,0.3888888888888889,6.377777777777778,1003.6111111111111,86.88888888888889,17.044444444444444,3.6666666666666665,10.0
2021-03-03,8.3,0.0,4.222222222222222,1022.8333333333334,35.44444444444444,3.8333333333333326,0.0,0.0
2021-03-04,9.777777777777779,0.0,2.1555555555555554,1029.6888888888889,51.55555555555556,6.2444444444444445,1.3333333333333333,8.333333333333334
2021-03-05,13.466666666666665,0.0,1.9000000000000001,1021.0777777777779,63.22222222222222,9.666666666666666,2.3333333333333335,9.333333333333334
2021-03-06,15.788888888888888,0.0,1.8666666666666663,1013.1444444444444,64.33333333333333,11.144444444444442,2.6666666666666665,10.0
2021-03-07,7.944444444444445,0.0,3.0555555555555554,1025.0444444444445,51.44444444444444,5.499999999999999,3.0,10.0
2021-03-08,6.455555555555556,0.5,2.3555555555555556,1021.1444444444446,90.88888888888889,8.777777777777779,4.0,10.0
2021-03-09,9.844444444444443,0.0,1.6222222222222222,1022.4555555555556,61.888888888888886,7.5,2.6666666666666665,10.0
2021-03-10,15.711111111111112,0.0,4.744444444444444,1014.9666666666667,37.333333333333336,6.300000000000001,0.3333333333333333,0.6666666666666666
2021-03-11,11.222222222222221,0.0,2.188888888888888,1025.6777777777777,38.666666666666664,5.199999999999999,0.0,0.0
2021-03-12,14.066666666666668,0.0,1.5444444444444443,1021.4000000000001,48.666666666666664,7.977777777777779,2.3333333333333335,10.0
2021-03-13,11.944444444444445,4.5,3.1333333333333337,1005.6999999999999,98.22222222222223,13.755555555555556,5.0,10.0
2021-03-14,15.544444444444444,0.0,7.344444444444444,1003.8444444444444,36.0,6.2666666666666675,0.0,0.0
2021-03-15,15.133333333333335,0.0,4.133333333333334,1010.7555555555555,35.666666666666664,6.066666666666666,0.0,0.6666666666666666
2021-03-16,15.800000000000002,0.0,3.2555555555555555,1005.8444444444444,39.55555555555556,7.133333333333332,2.3333333333333335,9.666666666666666
2021-03-17,16.211111111111112,0.0,3.488888888888889,1007.8222222222224,32.55555555555556,5.866666666666667,1.0,4.333333333333333
2021-03-18,13.311111111111112,0.0,2.4,1016.1888888888888,35.44444444444444,5.433333333333334,0.0,0.3333333333333333
2021-03-19,14.677777777777777,0.0,2.788888888888889,1016.7666666666667,50.111111111111114,8.5,1.3333333333333333,6.333333333333333
2021-03-20,14.455555555555557,0.0,1.822222222222222,1018.1777777777778,62.55555555555556,10.277777777777779,3.0,10.0
2021-03-21,16.866666666666664,3.4444444444444446,6.666666666666666,1004.5888888888888,97.88888888888889,18.855555555555554,4.0,10.0
2021-03-22,13.488888888888889,0.0,3.9666666666666663,1004.3000000000001,38.333333333333336,5.888888888888889,2.6666666666666665,10.0
2021-03-23,12.144444444444446,0.0,2.4222222222222225,1017.9444444444445,37.55555555555556,5.2666666666666675,0.3333333333333333,1.3333333333333333
2021-03-24,15.799999999999999,0.0,3.4555555555555557,1021.4555555555556,47.666666666666664,8.444444444444445,0.6666666666666666,3.3333333333333335
2021-03-25,16.433333333333334,0.0,3.5,1016.1666666666666,63.666666666666664,11.844444444444445,3.3333333333333335,10.0
2021-03-26,17.48888888888889,0.0,2.7777777777777777,1010.6222222222223,31.555555555555557,6.0555555555555545,1.0,3.3333333333333335
2021-03-27,14.866666666666665,0.0,3.011111111111111,1020.5555555555555,36.22222222222222,6.044444444444444,1.0,6.0
2021-03-28,17.044444444444444,0.4444444444444444,5.777777777777777,1012.6555555555556,77.88888888888889,15.08888888888889,3.3333333333333335,10.0
2021-03-29,19.788888888888888,0.0,2.677777777777778,1000.1222222222223,71.77777777777777,16.34444444444445,0.6666666666666666,3.3333333333333335
2021-03-30,19.377777777777776,0.0,2.4222222222222225,1005.6222222222223,66.55555555555556,14.844444444444443,3.0,9.666666666666666
2021-03-31,19.67777777777778,0.0,2.7555555555555555,1008.2777777777778,38.111111111111114,8.555555555555555,0.0,0.0
2021-04-01,17.91111111111111,0.0,2.2222222222222223,1017.6555555555557,52.666666666666664,10.844444444444443,2.3333333333333335,7.0
2021-04-02,17.177777777777774,0.0,2.2222222222222223,1024.9555555555555,58.77777777777778,11.455555555555556,3.0,9.333333333333334
2021-04-03,18.711111111111116,0.0,2.511111111111111,1020.0222222222221,51.666666666666664,11.0,1.0,5.0
2021-04-04,20.355555555555554,0.0,5.699999999999999,1008.8666666666666,59.666666666666664,14.177777777777777,2.3333333333333335,8.666666666666666
2021-04-05,13.833333333333334,1.0555555555555556,3.2999999999999994,1006.8999999999999,89.22222222222223,14.055555555555555,3.6666666666666665,10.0
2021-04-06,11.744444444444444,0.0,2.888888888888889,1017.7666666666669,57.55555555555556,7.900000000000001,3.0,10.0
2021-04-07,15.333333333333334,0.0,2.3777777777777778,1010.4333333333333,49.77777777777778,8.511111111111113,0.0,0.3333333333333333
2021-04-08,15.422222222222224,0.0,3.566666666666667,1011.3222222222222,49.77777777777778,8.822222222222223,1.3333333333333333,7.0
2021-04-09,14.055555555555555,0.0,2.322222222222222,1015.8333333333334,36.666666666666664,5.677777777777778,1.6666666666666667,6.0
2021-04-10,11.677777777777779,0.0,2.6111111111111107,1027.3888888888887,36.0,4.888888888888889,0.3333333333333333,1.3333333333333333
2021-04-11,14.666666666666666,0.0,2.6999999999999997,1030.9222222222224,47.22222222222222,7.777777777777778,0.3333333333333333,1.0
2021-04-12,16.68888888888889,0.0,3.3666666666666667,1029.3666666666666,50.22222222222222,9.355555555555556,1.0,5.666666666666667
2021-04-13,16.711111111111112,0.0,4.077777777777778,1016.5555555555555,71.44444444444444,13.566666666666668,3.0,10.0
2021-04-14,17.599999999999998,2.6666666666666665,2.6222222222222222,1000.9777777777776,98.66666666666667,19.877777777777776,4.0,10.0
2021-04-15,12.122222222222222,0.0,2.9222222222222225,1018.3444444444444,37.333333333333336,5.211111111111111,1.0,4.333333333333333
2021-04-16,15.166666666666666,0.0,2.744444444444445,1023.811111111111,54.888888888888886,9.355555555555556,3.0,10.0
2021-04-17,16.9,0.0,3.6555555555555563,1016.3444444444443,68.22222222222223,13.11111111111111,3.3333333333333335,10.0
2021-04-18,19.6,0.0,5.588888888888889,994.5999999999999,37.55555555555556,8.011111111111111,0.3333333333333333,0.6666666666666666
2021-04-19,18.144444444444442,0.0,3.5444444444444443,1007.0666666666665,29.555555555555557,6.077777777777778,0.0,0.0
2021-04-20,20.577777777777776,0.0,3.2111111111111112,1012.0999999999999,38.55555555555556,9.322222222222221,0.0,0.0
2021-04-21,21.655555555555555,0.0,3.422222222222222,1016.1444444444444,32.0,8.333333333333334,0.0,0.0
2021-04-22,22.81111111111111,0.0,4.977777777777778,1014.8666666666666,18.0,4.733333333333333,1.6666666666666667,7.333333333333333
2021-04-23,15.822222222222223,0.0,2.577777777777778,1019.6222222222223,40.111111111111114,7.0,0.3333333333333333,1.0
2021-04-24,17.54444444444444,0.0,1.9888888888888887,1018.1444444444444,45.666666666666664,9.011111111111113,2.0,10.0
2021-04-25,19.344444444444445,0.0,2.2666666666666666,1008.5777777777779,55.666666666666664,12.411111111111111,2.3333333333333335,10.0
2021-04-26,15.255555555555553,0.0,3.3666666666666667,1014.188888888889,26.555555555555557,4.477777777777778,0.0,0.0
2021-04-27,15.833333333333334,0.0,3.9777777777777774,1020.9555555555556,48.77777777777778,8.933333333333332,1.6666666666666667,7.333333333333333
2021-04-28,20.544444444444444,0.0,3.2,1016.4333333333335,54.111111111111114,13.044444444444444,2.3333333333333335,9.666666666666666
2021-04-29,17.46666666666667,0.6111111111111112,4.133333333333334,1007.5999999999999,92.88888888888889,18.544444444444444,4.0,10.0
2021-04-30,21.21111111111111,0.0,3.288888888888889,998.8111111111112,55.55555555555556,13.644444444444442,0.0,0.6666666666666666
2021-05-01,20.933333333333334,0.0,3.644444444444444,1004.1111111111111,56.0,13.722222222222221,2.0,9.0
2021-05-02,18.855555555555554,0.05555555555555555,3.322222222222222,994.5444444444444,59.333333333333336,12.688888888888888,2.0,4.0
2021-05-03,18.822222222222223,0.0,4.033333333333333,1009.6444444444444,36.77777777777778,7.966666666666667,2.0,7.0
2021-05-04,21.41111111111111,0.0,3.4111111111111114,1014.6000000000001,33.333333333333336,8.333333333333334,1.0,6.0
2021-05-05,20.355555555555558,0.0,6.555555555555555,1012.8222222222222,60.44444444444444,14.444444444444448,3.3333333333333335,10.0
2021-05-06,19.644444444444446,0.0,2.7111111111111112,1013.4555555555556,74.22222222222223,16.366666666666667,3.0,9.666666666666666
2021-05-07,19.288888888888888,0.0,1.8000000000000003,1011.2111111111111,74.44444444444444,16.688888888888886,3.3333333333333335,10.0
2021-05-08,21.777777777777782,0.0,2.888888888888889,1003.2555555555557,62.0,16.066666666666666,1.6666666666666667,7.0
2021-05-09,25.544444444444448,0.0,4.433333333333334,997.3555555555554,50.55555555555556,16.21111111111111,0.6666666666666666,1.6666666666666667
2021-05-10,22.566666666666666,0.0,3.566666666666666,1006.6888888888888,32.333333333333336,8.922222222222222,1.0,6.0
2021-05-11,18.022222222222222,0.0,2.3444444444444446,1012.4333333333333,59.22222222222222,12.244444444444445,3.0,10.0
2021-05-12,19.133333333333336,0.0,3.3666666666666667,1018.588888888889,48.77777777777778,10.78888888888889,2.0,10.0
2021-05-13,15.855555555555554,0.2777777777777778,2.3333333333333335,1014.5222222222224,94.77777777777777,17.08888888888889,4.0,10.0
2021-05-14,22.95555555555556,0.0,2.5999999999999996,1009.5222222222224,65.44444444444444,17.98888888888889,2.0,10.0
2021-05-15,23.377777777777776,0.0,3.822222222222222,1015.5111111111112,64.44444444444444,18.355555555555558,2.0,8.666666666666666
2021-05-16,20.844444444444445,0.05555555555555555,4.288888888888889,1012.5,71.66666666666667,17.599999999999998,3.3333333333333335,10.0
2021-05-17,23.955555555555556,0.0,7.6000000000000005,1000.1777777777778,85.0,25.288888888888884,3.3333333333333335,10.0
2021-05-18,21.733333333333334,0.0,3.488888888888889,1006.1333333333334,85.77777777777777,22.333333333333332,3.0,10.0
2021-05-19,17.41111111111111,0.7777777777777778,1.4777777777777776,1009.2444444444445,96.11111111111111,19.133333333333333,3.6666666666666665,10.0
2021-05-20,20.22222222222222,0.0,2.1888888888888887,1013.0666666666667,85.77777777777777,20.266666666666666,3.3333333333333335,10.0
2021-05-21,23.6,0.1111111111111111,5.722222222222222,1001.7333333333331,91.55555555555556,26.644444444444446,3.0,10.0
2021-05-22,20.53333333333334,0.1111111111111111,3.1666666666666665,1000.7333333333333,81.55555555555556,19.65555555555555,3.3333333333333335,10.0
2021-05-23,21.544444444444444,0.0,3.4777777777777774,1004.0666666666667,69.22222222222223,17.58888888888889,1.0,4.0
2021-05-24,24.666666666666668,0.0,2.088888888888889,1004.3666666666668,56.666666666666664,17.61111111111111,2.3333333333333335,9.333333333333334
2021-05-25,25.51111111111111,0.0,3.0,999.4444444444445,55.666666666666664,17.966666666666665,1.0,5.333333333333333
2021-05-26,23.155555555555555,0.0,3.011111111111111,1005.8222222222222,43.333333333333336,12.377777777777778,2.0,10.0
2021-05-27,16.633333333333333,2.5,2.722222222222222,1004.311111111111,97.0,18.4,4.0,10.0
2021-05-28,22.944444444444443,0.0,2.9111111111111114,1002.2333333333333,69.66666666666667,19.144444444444446,2.0,10.0
2021-05-29,24.3,0.0,2.466666666666667,997.5666666666665,62.111111111111114,18.38888888888889,3.0,10.0
2021-05-30,23.155555555555555,0.05555555555555555,3.3,1002.9111111111112,64.22222222222223,18.15555555555555,2.6666666666666665,8.666666666666666
2021-05-31,22.411111111111115,0.0,3.4444444444444446,1009.8555555555556,58.22222222222222,15.722222222222221,2.3333333333333335,7.666666666666667
